id,first_name,isbn,title
1,Hedvig,935641044-5,Death of a Salesman
2,Sly,625208248-1,44 Inch Chest
3,Dosi,315610544-9,The Squeeze
4,Traver,259221645-6,On the Ropes
5,Pacorro,063655021-4,Last Night
6,Kariotta,505493519-3,Bliss
7,Hilario,080552630-7,Pinocchio
8,Skylar,511113411-5,"Brady Bunch Movie, The"
9,Olly,018523455-0,Kill Me Please
10,Bradney,942823905-4,How the West Was Fun
11,Hammad,445238580-X,Jackass Number Two
12,Athene,445359028-8,Sleepover
13,Berkley,831216410-3,House of 1000 Corpses
14,Corney,609633914-X,"Fish Child, The (El niño pez)"
15,Dorie,646582069-2,"Shawshank Redemption, The"
16,Trixie,496648680-7,When in Rome
17,Janka,309313839-6,The Whisperer in Darkness
18,Leontine,495613309-X,Gallipoli
19,Micaela,912623527-7,Gone
20,Emmy,919512701-1,Cutter's Way
21,Ewan,652885086-0,Superman III
22,Josepha,477372341-6,Dona Flor and Her Two Husbands (Dona Flor e Seus Dois Maridos)
23,Michal,636209554-5,Stone
24,Clevie,725668065-1,Howl
25,Georgianne,681568294-3,Rage in Heaven
26,Jessee,653989237-3,One Piece Film: Strong World
27,Elle,475738733-4,May Fools (Milou en mai)
28,Raimondo,100420400-0,Feeling Minnesota
29,Mag,077510955-X,"Chambermaid on the Titanic, The (Femme de chambre du Titanic, La)"
30,Ruggiero,126926966-6,"Romantic Englishwoman, The"
31,Aeriell,813152391-8,Into the Wild
32,Reece,519736507-2,Paradise Now
33,Emiline,175227804-6,All Dogs Go to Heaven 2
34,Cordy,225687626-8,Casanova
35,Caron,960148829-4,Noriko's Dinner Table (Noriko no shokutaku)
36,Libby,914215741-2,"Screaming Skull, The"
37,Flora,926187152-6,8 Mile
38,Maryjo,377690149-7,"Lebanon, Pa."
39,Suzanne,161496678-8,"Trials of Henry Kissinger, The"
40,Josh,047286395-9,Warning Shadows (Schatten - Eine nächtliche Halluzination)
41,Alric,105384243-0,Bad Words
42,Ruby,617209360-6,Big Eden
43,Andrew,900743492-6,Just the Ticket
44,Philly,995611067-1,Night Must Fall
45,Laraine,785421445-X,"Flight of Dragons, The"
46,Britta,516288646-7,"Assignment, The"
47,Tatiana,836891575-9,Exorcist II: The Heretic
48,Zorah,449713986-7,Muscle Shoals
49,Sally,567258839-5,Addams Family Reunion
50,Broddie,363913250-5,"Pure Formality, A (Pura formalità, Una)"
51,Else,014483989-X,Detective Dee and the Mystery of the Phantom Flame (Di Renjie)
52,Kendra,756178476-7,"Exterminating Angel, The (Ángel exterminador, El)"
53,Austine,085537999-5,"Fish Called Wanda, A"
54,Maddie,817236755-4,The Phantom Light
55,Gabbie,453051500-1,Lucky Jordan
56,Rickie,159451324-4,"Sword and the Sorcerer, The"
57,Billy,927810450-7,"Client List, The"
58,Concettina,066988102-3,"Time of Your Life, The"
59,Erhard,695737725-3,Fanny and Alexander (Fanny och Alexander)
60,Fritz,965407592-X,Beyond All Boundaries
61,Gertie,881236932-4,Home Before Dark
62,Booth,190292482-7,"Lost Skeleton of Cadavra, The"
63,Merrie,487425981-2,Bronson
64,Raddy,342102619-X,Palo Alto
65,Skelly,908049598-0,Charlie Chan in London
66,Clementine,981117427-X,Bulletproof Monk
67,Conrad,496319486-4,Braveheart
68,Mill,859126392-8,Treasure Island
69,Rachael,956109240-9,Sol 
70,Chucho,596724157-4,Witch's Night Out
71,Truda,666895191-0,"Kid for Two Farthings, A"
72,Katerine,715561232-4,Tales from the Script
73,Lesli,083420834-2,Cargo
74,Rosamond,701938605-9,Margin Call
75,Miner,719818456-1,"Song of Bernadette, The"
76,Claudelle,394290897-2,Boy Eats Girl
77,West,448654606-7,Passing Fancy (Dekigokoro)
78,Gualterio,321801404-2,"Sweet Jesus, Preacherman"
79,Jillene,878283368-0,Charlie Chan on Broadway
80,Chastity,799273583-8,Shadow Warriors 2 (Assault on Devil's Island)
81,Sheree,993825460-8,Which Way Is Up?
82,Gertruda,279799768-9,Heaven's Burning
83,Kiley,225850614-X,Soft Shell Man (Un crabe dans la tête)
84,Carmella,410243720-7,"Alien Predator (Mutant II) (Falling, The)"
85,Land,213135259-X,Be Kind Rewind
86,Tricia,677244987-8,We Own the Night
87,Teodor,275236948-4,Trek Nation
88,Niel,939184003-5,"Decameron, The (Decameron, Il)"
89,Yul,432949679-8,"Legend of Hell House, The"
90,Ted,088221676-7,This Is Spinal Tap
91,Thia,807141832-3,Hustle
92,Jorey,057720213-8,West Side Story
93,Johnny,642773898-4,"Ipcress File, The"
94,Annabelle,784324829-3,Vinci
95,Nevins,560174481-5,White Man's Burden
96,Haze,584455990-8,Sarah Silverman:  We Are Miracles
97,Anatole,972649630-6,"Nanny, The"
98,Noellyn,196322476-0,Princess Mononoke (Mononoke-hime)
99,Ranice,741749233-9,Poison
100,Nev,485324771-8,Go Tell the Spartans
